<?xml version="1.0" encoding="utf-8"?>
<form>
	<fields name="jform">
		<fieldset name="general" label="COM_CSVI_IMPORT_OPTIONS">
			<field name="language"
				type="CsviVirtuemartLanguage"
				class="advancedSelect"
				label="COM_CSVI_JFORM_PRIMARY_LANGUAGE_LABEL"
				size="1" />

			<field name="target_language"
				type="CsviVirtuemartLanguage"
				class="advancedSelect"
				size="1" />

			<field name="category_separator"
				type="text"
				class="input-mini"
				default="/" />

			<field name="recreate_alias"
				   type="list"
				   size="1"
				   advancedUser="1"
				   class="input-small advancedSelect"
				   default="0">
				<option value="1">JYES</option>
				<option value="0">JNO</option>
			</field>

			<field name="unpublish_before_import"
			       type="list"
			       size="1"
			       advancedUser="1"
			       class="input-small advancedSelect"
			       default="0">
				<option value="1">JYES</option>
				<option value="0">JNO</option>
			</field>
		</fieldset>
	</fields>
</form>
