<?xml version="1.0" encoding="utf-8"?>
<form>
	<fields name="jform">
		<fieldset name="general">
			<field name="language"
				type="CsviVirtuemartLanguage"
				class="advancedSelect"
				size="1" />

			<field name="target_language"
				type="CsviVirtuemartLanguage"
				class="advancedSelect"
				size="1" />
		</fieldset>

		<fieldset name="shippingrate">
			<field name="vmshipment"
				type="CsviVirtuemartShippers"
				multiple="false"
				size="1"
				class="input-xxlarge advancedSelect"
				default="">
				<option value="">COM_CSVI_IMPORT_SHIPPINGRATE_USE_FILE</option>
			</field>
		</fieldset>
	</fields>
</form>
