<?xml version="1.0" encoding="utf-8"?>
<extension version="3.4" type="plugin" group="system" method="upgrade">
	<name>plg_system_tooltips</name>
	<description>PLG_SYSTEM_TOOLTIPS_DESC</description>
	<version>7.2.2</version>
	<creationDate>September 2018</creationDate>
	<author>Regular Labs (Peter van Westen)</author>
	<authorEmail>info@regularlabs.com</authorEmail>
	<authorUrl>https://www.regularlabs.com</authorUrl>
	<copyright>Copyright © 2018 Regular Labs - All Rights Reserved</copyright>
	<license>http://www.gnu.org/licenses/gpl-2.0.html GNU/GPL</license>

	<scriptfile>script.install.php</scriptfile>

	<updateservers>
		<server type="extension" priority="1" name="Regular Labs - Tooltips">
			https://download.regularlabs.com/updates.xml?e=tooltips&amp;type=.xml
		</server>
	</updateservers>

	<files>
		<filename plugin="tooltips">tooltips.php</filename>
		<filename>script.install.helper.php</filename>
		<folder>language</folder>
		<folder>src</folder>
		<folder>vendor</folder>
	</files>

	<media folder="media" destination="tooltips">
		<folder>css</folder>
		<folder>js</folder>
		<folder>less</folder>
	</media>

	<config>
		<fields name="params" addfieldpath="/libraries/regularlabs/fields">
			<fieldset name="basic">
				<field name="@loadlanguage_regularlabs" type="rl_loadlanguage" extension="plg_system_regularlabs" />
				<field name="@loadlanguage" type="rl_loadlanguage" extension="plg_system_tooltips" />
				<field name="@license" type="rl_license" extension="TOOLTIPS" />
				<field name="@version" type="rl_version" extension="TOOLTIPS" />
				<field name="@header" type="rl_header"
					   label="TOOLTIPS"
					   description="TOOLTIPS_DESC"
					   url="https://www.regularlabs.com/tooltips" />
			</fieldset>

			<fieldset name="RL_STYLING">
				<field name="load_stylesheet" type="radio" class="btn-group" default="1"
					   label="RL_LOAD_STYLESHEET"
					   description="RL_LOAD_STYLESHEET_DESC">
					<option value="0">JNO</option>
					<option value="1">JYES</option>
				</field>
				<field name="@block_link_a" type="rl_block" start="1" label="TT_LINK" />
				<field name="color_link" type="rl_color" default=""
					   label="TT_COLOR_LINK"
					   description="TT_COLOR_LINK_DESC" />
				<field name="underline" type="radio" class="btn-group" default="dashed"
					   label="TT_UNDERLINE"
					   description="TT_UNDERLINE_DESC">
					<option value="0">JNO</option>
					<option value="solid">JYES</option>
					<option value="dotted">TT_DOTTED</option>
					<option value="dashed">TT_DASHED</option>
				</field>
				<field name="@toggler_underline_a" type="rl_toggler" param="underline" value="solid,dotted,dashed" />
				<field name="underline_color" type="rl_color" default="#cccccc"
					   label="TT_UNDERLINE_COLOR"
					   description="TT_UNDERLINE_COLOR_DESC" />
				<field name="@toggler_underline_b" type="rl_toggler" />
				<field name="@block_link_b" type="rl_block" end="1" />
				<field name="@block_tooltip_a" type="rl_block" start="1" label="TT_TOOLTIP" />
				<field name="title_color" type="rl_color" default=""
					   label="TT_TITLE_COLOR"
					   description="TT_TITLE_COLOR_DESC" />
				<field name="text_color" type="rl_color" default=""
					   label="TT_TEXT_COLOR"
					   description="TT_TEXT_COLOR_DESC" />
				<field name="link_color" type="rl_color" default=""
					   label="TT_LINK_COLOR"
					   description="TT_LINK_COLOR_DESC" />
				<field name="bg_color_title" type="rl_color" default=""
					   label="TT_BACKGROUND_COLOR_TITLE"
					   description="TT_BACKGROUND_COLOR_TITLE_DESC2" />
				<field name="bg_color_text" type="rl_color" default=""
					   label="TT_BACKGROUND_COLOR"
					   description="TT_BACKGROUND_COLOR_DESC2" />
				<field name="border_color" type="rl_color" default=""
					   label="TT_BORDER_COLOR"
					   description="TT_BORDER_COLOR_DESC2" />
				<field name="max_width" type="text" size="5" class="input-mini" default="400"
					   label="TT_MAX_WIDTH"
					   description="TT_MAX_WIDTH_DESC" />
				<field name="zindex" type="number" size="5" class="input-mini" default="10000"
					   label="TT_ZINDEX"
					   description="TT_ZINDEX_DESC" />
				<field name="@block_tooltip_b" type="rl_block" end="1" />
			</fieldset>

			<fieldset name="RL_BEHAVIOUR">
				<field name="@notice_mode" type="rl_plaintext"
					   label="TT_MODE"
					   description="TT_MODE_DESC"
					   default="RL_ONLY_AVAILABLE_IN_PRO" />
				<field name="@notice_position" type="rl_plaintext"
					   label="TT_POSITION"
					   description="TT_POSITION_DESC"
					   default="RL_ONLY_AVAILABLE_IN_PRO" />
				<field name="@notice_use_auto_positioning" type="rl_plaintext"
					   label="TT_USE_AUTO_POSITIONING"
					   description="TT_USE_AUTO_POSITIONING_DESC"
					   default="RL_ONLY_AVAILABLE_IN_PRO" />
				<field name="@notice_fallback_position" type="rl_plaintext"
					   label="TT_FALLBACK_POSITION"
					   description="TT_FALLBACK_POSITION_DESC"
					   default="RL_ONLY_AVAILABLE_IN_PRO" />
			</fieldset>

			<fieldset name="RL_SETTINGS_EDITOR_BUTTON">
				<field name="button_text" type="text" default="Tooltip"
					   label="RL_BUTTON_TEXT"
					   description="RL_BUTTON_TEXT_DESC" />
				<field name="enable_frontend" type="radio" class="btn-group" default="1"
					   label="RL_ENABLE_IN_FRONTEND"
					   description="RL_ENABLE_IN_FRONTEND_DESC">
					<option value="0">JNO</option>
					<option value="1">JYES</option>
				</field>
				<field name="button_use_simple_button" type="radio" class="btn-group" default="0"
					   label="RL_USE_SIMPLE_BUTTON"
					   description="RL_USE_SIMPLE_BUTTON_DESC">
					<option value="0">JNO</option>
					<option value="1">JYES</option>
				</field>
				<field name="@toggler_button_use_simple_button_yes_a" type="rl_toggler" param="button_use_simple_button" value="1" />
				<field name="button_use_custom_code" type="radio" class="btn-group" default="0"
					   label="RL_USE_CUSTOM_CODE"
					   description="RL_USE_CUSTOM_CODE_DESC">
					<option value="0">JNO</option>
					<option value="1">JYES</option>
				</field>
				<field name="@toggler_button_code_a" type="rl_toggler" param="button_use_custom_code" value="1" />
				<field name="button_custom_code" type="rl_textareaplus" filter="RAW" texttype="html" width="400" height="300"
					   default="{tip Tooltip Title::Tooltip text}[:SELECTION:]{/tip}"
					   label="RL_CUSTOM_CODE"
					   description="RL_CUSTOM_CODE_DESC" />
				<field name="@toggler_button_code_b" type="rl_toggler" />
				<field name="@toggler_button_use_simple_button_yes_b" type="rl_toggler" />
			</fieldset>

			<fieldset name="RL_TAG_SYNTAX">
				<field name="tag" type="text" size="20" default="tip"
					   label="TT_TAG"
					   description="TT_TAG_DESC" />
				<field name="tag_characters" type="list" default="{.}" class="input-small"
					   label="RL_TAG_CHARACTERS"
					   description="RL_TAG_CHARACTERS_DESC">
					<option value="{.}">{...}</option>
					<option value="[.]">[...]</option>
					<option value="{{.}}">{{...}}</option>
					<option value="[[.]]">[[...]]</option>
					<option value="[:.:]">[:...:]</option>
					<option value="[%.%]">[%...%]</option>
				</field>
			</fieldset>

			<fieldset name="advanced">
				<field name="@notice_disabled_components" type="rl_plaintext"
					   label="RL_DISABLE_ON_COMPONENTS"
					   description="RL_DISABLE_ON_COMPONENTS_DESC"
					   default="RL_ONLY_AVAILABLE_IN_PRO" />
				<field name="enable_admin" type="radio" class="btn-group" default="0"
					   label="RL_ENABLE_IN_ADMIN"
					   description="RL_ENABLE_IN_ADMIN_DESC">
					<option value="0">JNO</option>
					<option value="1">JYES</option>
				</field>
				<field name="place_comments" type="radio" class="btn-group" default="1"
					   label="RL_PLACE_HTML_COMMENTS"
					   description="RL_PLACE_HTML_COMMENTS_DESC">
					<option value="0">JNO</option>
					<option value="1">JYES</option>
				</field>
				<field name="media_versioning" type="radio" class="btn-group" default="1"
					   label="RL_MEDIA_VERSIONING"
					   description="RL_MEDIA_VERSIONING_DESC">
					<option value="0">JNO</option>
					<option value="1">JYES</option>
				</field>
				<field name="load_bootstrap_framework" type="radio" class="btn-group" default="1"
					   label="RL_LOAD_BOOTSTRAP_FRAMEWORK"
					   description="RL_LOAD_BOOTSTRAP_FRAMEWORK_DESC">
					<option value="0">JNO</option>
					<option value="1">JYES</option>
				</field>
				<field name="@toggler_load_bootstrap_framework_a" type="rl_toggler" param="load_bootstrap_framework" value="0" />
				<field name="@notice_load_bootstrap_framework" type="note" class="alert alert-danger" description="RL_BOOTSTRAP_FRAMEWORK_DISABLED,TOOLTIPS" />
				<field name="@toggler_load_bootstrap_framework_b" type="rl_toggler" />
				<field name="@toggler_load_bootstrap_framework_2a" type="rl_toggler" param="load_bootstrap_framework" value="0" />
				<field name="load_jquery" type="radio" class="btn-group" default="0"
					   label="RL_LOAD_JQUERY"
					   description="RL_LOAD_JQUERY_DESC">
					<option value="0">JNO</option>
					<option value="1">JYES</option>
				</field>
				<field name="@toggler_load_jquery_a" type="rl_toggler" param="load_jquery" value="0" />
				<field name="@notice_load_jquery" type="note" class="alert alert-danger"
					   description="RL_JQUERY_DISABLED,TOOLTIPS" />
				<field name="@toggler_load_jquery_b" type="rl_toggler" />
				<field name="@toggler_load_bootstrap_framework_2b" type="rl_toggler" />
			</fieldset>
		</fields>
	</config>
</extension>
