<?xml version="1.0" encoding="utf-8"?>
<extension type="module" version="2.5.0" method="upgrade">
    <name>mod_vm_product</name>
    <creationDate>18-08-2017</creationDate>
    <author>Patrick Kohl - Studio 42 France</author>
	<copyright>Copyright (C) 2015 - 2017 Studio 42 France. All rights reserved.</copyright>
	<license>GNU General Public License version 2 or later; see LICENSE.txt</license>
	<authorEmail>studio.france@gmail.com</authorEmail>
	<authorUrl>http://shop.st42.fr</authorUrl>
    <version>1.2.0</version>
    <description>MOD_VM_PRODUCT_DESC</description>
    <files>
	<filename module="mod_vm_product">mod_vm_product.php</filename>
	<folder>tmpl</folder>
	<folder>language</folder>
    </files>

    <config>
	<fields name="params" addfieldpath="/administrator/components/com_virtuemart/fields">
	    <fieldset name="basic">
		<field name="product_id" type="text" default="1" label="MOD_VM_PRODUCT_ID"/>
		<field name="max_items" type="text" default="2"
			label="MOD_VM_PRODUCT_MAX_ITEMS"
			description="MOD_VM_PRODUCT_MAX_ITEMS_DESC" />
		<field name="products_per_row" type="text" default="1"
			label="MOD_VM_PRODUCT_PRODUCTS_PER_ROW"
			description="MOD_VM_PRODUCT_PRODUCTS_PER_ROW_DESC" />
		<field name="show_price" type="list" default="1"
			label="MOD_VM_PRODUCT_SHOW_PRICE"
			description="MOD_VM_PRODUCT_SHOW_PRICE_DESC">
		    <option value="1">JYES</option>
		    <option value="0">JNO</option>
		</field>
		<field name="show_addtocart" type="list" default="1"
			label="MOD_VM_PRODUCT_SHOW_ADDTOCART"
			description="MOD_VM_PRODUCT_SHOW_ADDTOCART_DESC">
            <option value="0">JNO</option>
            <option value="1">JYES</option>
		</field>
	    </fieldset>
			<fieldset
				name="advanced">
				<field
					name="layout"
					type="modulelayout"
					label="JFIELD_ALT_LAYOUT_LABEL"
					description="JFIELD_ALT_MODULE_LAYOUT_DESC" />

				<field
					name="moduleclass_sfx"
					type="textarea"
					rows="3"
					label="COM_MODULES_FIELD_MODULECLASS_SFX_LABEL"
					description="COM_MODULES_FIELD_MODULECLASS_SFX_DESC" />

				<field
					name="owncache"
					type="list"
					default="1"
					label="COM_MODULES_FIELD_CACHING_LABEL"
					description="COM_MODULES_FIELD_CACHING_DESC"
				>
					<option value="1">JGLOBAL_USE_GLOBAL</option>
					<option value="0">COM_MODULES_FIELD_VALUE_NOCACHING</option>
				</field>

				<field
					name="cache_time"
					type="text"
					default="900"
					label="COM_MODULES_FIELD_CACHE_TIME_LABEL"
					description="COM_MODULES_FIELD_CACHE_TIME_DESC" />
			</fieldset>
	</fields>
    </config>
</extension>
