<?xml version="1.0" encoding="UTF-8" ?>
<extension version="3.3" type="plugin" group="csviaddon" method="upgrade">
	<name>PLG_CSVIADDON_VIRTUEMART_TITLE</name>
	<creationDate>10 September 2018</creationDate>
	<author>RolandD Cyber Produksi</author>
	<authorEmail>contact@csvimproved.com</authorEmail>
	<authorUrl>https://csvimproved.com/</authorUrl>
	<copyright>Copyright (C) 2006 - 2018 RolandD Cyber Produksi. All rights reserved.</copyright>
	<license>GNU/GPLv3 http://www.gnu.org/licenses/gpl-3.0.html</license>
	<version>7.8.0</version>
	<description>PLG_CSVIADDON_VIRTUEMART_DESCRIPTION</description>

	<scriptfile>script.php</scriptfile>

	<files>
		<filename plugin="virtuemart">virtuemart.php</filename>
		<folder>com_virtuemart</folder>
		<folder>language</folder>
	</files>

	<updateservers>
		<server type="extension" priority="1" name="VirtueMart Addon">https://csvimproved.com/updates/virtuemart.xml</server>
	</updateservers>
</extension>
