<?xml version="1.0" encoding="utf-8"?>
<extension type="module" client="site" method="upgrade" version="3.2">
    <name>RSSocial!</name>
    <author>RSJoomla!</author>
    <creationDate>May 2014</creationDate>
    <copyright>Copyright (C) 2014 - 2018</copyright>
    <license>GNU General Public License version 2 or later</license>
    <authorEmail>supporttickets@rsjoomla.com</authorEmail>
    <authorUrl>www.rsjoomla.com</authorUrl>
    <version>1.1.3</version>
	<updateservers>
        <server type="extension" priority="1" name="RSSocial!">https://www.rsjoomla.com/updates/free/mod_rssocial/mod_rssocial.xml</server>
    </updateservers>
	<scriptfile>script.php</scriptfile>
	<description>MOD_RSSOCIAL_DESC</description>
	<files>
        <folder module="mod_rssocial">tmpl</folder>
        <filename module="mod_rssocial">mod_rssocial.php</filename>
		<filename module="mod_rssocial">helper.php</filename>
        <filename module="mod_rssocial">mod_rssocial.xml</filename>
        <filename>index.html</filename>
    </files>
	<media folder="media" destination="mod_rssocial">
		<folder>css</folder>
		<folder>js</folder>
		<folder>font</folder>
		<folder>images</folder>
    </media>
	<languages>
		<language tag="en-GB">language/en-GB/en-GB.mod_rssocial.ini</language>
		<language tag="en-GB">language/en-GB/en-GB.mod_rssocial.sys.ini</language>
	</languages>	
 	<config>
		<fields name="params">
			<fieldset name="facebook_settings" label="MOD_RSSOCIAL_FACEBOOK">
				<field name="facebook" class="btn-group" type="radio" label="MOD_RSSOCIAL_ENABLED" default="1" description="MOD_RSSOCIAL_FACEBOOK_DESC">
					<option value="1">JYES</option>
					<option value="0">JNO</option>
				</field>
				<field name="facebook_url" showon="facebook:1" type="text" label="MOD_RSSOCIAL_URL" description="MOD_RSSOCIAL_URL_DESC" />
				<field type="spacer" showon="facebook:1" name="facebook_like_settings" label="MOD_RSSOCIAL_FACEBOOK_LIKE_SETTINGS" />
				<field name="facebook_like_action" showon="facebook:1" type="list" default="button_count" label="MOD_RSSOCIAL_FACEBOOK_LIKE_ACTION" description="MOD_RSSOCIAL_FACEBOOK_LIKE_ACTION_DESC" >
					<option value="like">MOD_RSSOCIAL_FACEBOOK_LIKE</option>
				   <option value="recommend">MOD_RSSOCIAL_FACEBOOK_RECOMMEND</option>
				</field>				
				<field name="facebook_like_type" showon="facebook:1" type="list" default="button_count" label="MOD_RSSOCIAL_FACEBOOK_LIKE_TYPE" description="MOD_RSSOCIAL_FACEBOOK_LIKE_TYPE_DESC" >
					<option value="standard">MOD_RSSOCIAL_FACEBOOK_LIKE_TYPE_STANDARD</option>
				   <option value="box_count">MOD_RSSOCIAL_FACEBOOK_LIKE_TYPE_BOX_COUNT</option>
				   <option value="button_count">MOD_RSSOCIAL_FACEBOOK_LIKE_TYPE_BUTTON_COUNT</option>
				   <option value="button">MOD_RSSOCIAL_FACEBOOK_LIKE_TYPE_BUTTON</option>
				</field>
				<field name="facebook_like_show_faces" showon="facebook:1" class="btn-group" type="radio" label="MOD_RSSOCIAL_FACEBOOK_LIKE_SHOW_FACES" default="0" description="MOD_RSSOCIAL_FACEBOOK_LIKE_SHOW_FACES_DESC">
					<option value="1">JYES</option>
					<option value="0">JNO</option>
				</field>				
				<field name="facebook_like_font" showon="facebook:1" type="list" default="arial" label="MOD_RSSOCIAL_FACEBOOK_LIKE_FONT" description="MOD_RSSOCIAL_FACEBOOK_LIKE_FONT_DESC" >
				   <option value=""></option>
					<option value="arial">MOD_RSSOCIAL_FONT_ARIAL</option>
					<option value="lucida grande">MOD_RSSOCIAL_FONT_LUCIDA_GRANDE</option>
					<option value="segoe ui">MOD_RSSOCIAL_FONT_SEGOE_UI</option>
					<option value="tahoma">MOD_RSSOCIAL_FONT_TAHOMA</option>
					<option value="trebuchet ms">MOD_RSSOCIAL_FONT_TREBUCHET_MS</option>
					<option value="verdana">MOD_RSSOCIAL_FONT_VERDANA</option>
				</field>
				<field name="facebook_share_button" showon="facebook:1" class="btn-group" type="radio" label="MOD_RSSOCIAL_FACEBOOK_SHARE_BUTTON" default="1" description="MOD_RSSOCIAL_FACEBOOK_SHARE_BUTTON_DESC">
					<option value="1">JYES</option>
					<option value="0">JNO</option>
				</field>
				<field name="facebook_width" showon="facebook:1" type="text" default="124" label="MOD_RSSOCIAL_FACEBOOK_LIKE_WIDTH" description="MOD_RSSOCIAL_FACEBOOK_LIKE_WIDTH_DESC" />
				<field name="facebook_height" showon="facebook:1" type="text" default="20" label="MOD_RSSOCIAL_FACEBOOK_LIKE_HEIGHT" description="MOD_RSSOCIAL_FACEBOOK_LIKE_HEIGHT_DESC" />
			</fieldset>
			<fieldset name="googleplus_settings" label="MOD_RSSOCIAL_GOOGLEPLUS">
				<field name="googleplus" class="btn-group" type="radio" label="MOD_RSSOCIAL_ENABLED" default="1" description="MOD_RSSOCIAL_GOOGLEPLUS_DESC">
					<option value="1">JYES</option>
					<option value="0">JNO</option>
				</field>
				<field name="googleplus_url" showon="googleplus:1" type="text" label="MOD_RSSOCIAL_URL" description="MOD_RSSOCIAL_URL_DESC" />
				<field type="spacer" showon="googleplus:1" name="googleplus_settings" label="MOD_RSSOCIAL_GOOGLEPLUS_SETTINGS" />
				<field name="googleplus_style" showon="googleplus:1" type="list" default="medium" label="MOD_RSSOCIAL_GOOGLEPLUS_STYLE" description="MOD_RSSOCIAL_GOOGLEPLUS_STYLE_DESC" >
				   <option value="small">MOD_RSSOCIAL_GOOGLEPLUS_SMALL</option>
				   <option value="medium">MOD_RSSOCIAL_GOOGLEPLUS_MEDIUM</option>
				   <option value="standard">MOD_RSSOCIAL_GOOGLEPLUS_STANDARD</option>
				   <option value="tall">MOD_RSSOCIAL_GOOGLEPLUS_TALL</option>
				</field>				
			</fieldset>
			<fieldset name="twitter_settings" label="MOD_RSSOCIAL_TWITTER">
				<field name="twitter" class="btn-group" type="radio" label="MOD_RSSOCIAL_ENABLED" default="1" description="MOD_RSSOCIAL_TWITTER_DESC">
					<option value="1">JYES</option>
					<option value="0">JNO</option>
				</field>
				<field name="twitter_url" showon="twitter:1" type="text" label="MOD_RSSOCIAL_URL" description="MOD_RSSOCIAL_URL_DESC" />
				<field type="spacer" showon="twitter:1" name="tweet_settings" label="MOD_RSSOCIAL_TWEET_SETTINGS" />
				<field name="tweet_counter" showon="twitter:1" type="list" default="horizontal" label="MOD_RSSOCIAL_TWEET_COUNTER" description="MOD_RSSOCIAL_TWEET_COUNTER_DESC" >
				   <option value="none">MOD_RSSOCIAL_HIDE</option>
				   <option value="vertical">MOD_RSSOCIAL_VERTICAL</option>
				   <option value="horizontal">MOD_RSSOCIAL_HORIZONTAL</option>
				</field>				
			</fieldset>
			<fieldset name="youtube_settings" label="MOD_RSSOCIAL_YOUTUBE">
				<field name="youtube" class="btn-group" type="radio" label="MOD_RSSOCIAL_ENABLED" default="1" description="MOD_RSSOCIAL_YOUTUBE_DESC">
					<option value="1">JYES</option>
					<option value="0">JNO</option>
				</field>
				<field name="youtube_url" showon="youtube:1" type="text" label="MOD_RSSOCIAL_URL" description="MOD_RSSOCIAL_URL_DESC" />
			</fieldset>
			<fieldset name="linkedin_settings" label="MOD_RSSOCIAL_LINKEDIN">
				<field name="linkedin" class="btn-group" type="radio" label="MOD_RSSOCIAL_ENABLED" default="1" description="MOD_RSSOCIAL_LINKEDIN_DESC">
					<option value="1">JYES</option>
					<option value="0">JNO</option>
				</field>
				<field name="linkedin_url" showon="linkedin:1" type="text" label="MOD_RSSOCIAL_URL" description="MOD_RSSOCIAL_URL_DESC" />
				<field type="spacer" showon="linkedin:1" name="linkedin_settings" label="MOD_RSSOCIAL_LINKEDIN_SETTINGS" />
				<field name="linkedin_counter" showon="linkedin:1" type="list" default="right" label="MOD_RSSOCIAL_LINKEDIN_COUNTER" description="MOD_RSSOCIAL_LINKEDIN_COUNTER_DESC" >
				   <option value="">MOD_RSSOCIAL_HIDE</option>
				   <option value="top">MOD_RSSOCIAL_VERTICAL</option>
				   <option value="right">MOD_RSSOCIAL_HORIZONTAL</option>
				</field>
			</fieldset>
			<fieldset name="lastfm_settings" label="MOD_RSSOCIAL_LASTFM">
				<field name="lastfm" class="btn-group" type="radio" label="MOD_RSSOCIAL_ENABLED" default="1" description="MOD_RSSOCIAL_LASTFM_DESC">
					<option value="1">JYES</option>
					<option value="0">JNO</option>
				</field>
				<field name="lastfm_url" showon="lastfm:1" type="text" label="MOD_RSSOCIAL_URL" description="MOD_RSSOCIAL_URL_DESC" />
			</fieldset>
			<fieldset name="pinterest_settings" label="MOD_RSSOCIAL_PINTEREST">
				<field name="pinterest" class="btn-group" type="radio" label="MOD_RSSOCIAL_ENABLED" default="1" description="MOD_RSSOCIAL_PINTEREST_DESC">
					<option value="1">JYES</option>
					<option value="0">JNO</option>
				</field>
				<field name="pinterest_url" showon="pinterest:1" type="text" label="MOD_RSSOCIAL_URL" description="MOD_RSSOCIAL_URL_DESC" />
				<field type="spacer" showon="pinterest:1" name="pinterest_share_settings" label="MOD_RSSOCIAL_PINTEREST_SETTINGS" />
				<field name="pinterest_size" showon="pinterest:1" type="list" default="20" label="MOD_RSSOCIAL_PINTEREST_SIZE" description="MOD_RSSOCIAL_PINTEREST_SIZE_DESC" >
				   <option value="20">MOD_RSSOCIAL_SMALL</option>
				   <option value="28">MOD_RSSOCIAL_LARGE</option>			
				</field>
				<field name="pinterest_counter" showon="pinterest:1" type="list" default="beside" label="MOD_RSSOCIAL_PINTEREST_COUNTER" description="MOD_RSSOCIAL_PINTEREST_COUNTER_DESC" >
				   <option value="none">MOD_RSSOCIAL_HIDE</option>
				   <option value="above">MOD_RSSOCIAL_VERTICAL</option>
				   <option value="beside">MOD_RSSOCIAL_HORIZONTAL</option>
				</field>
				<field name="pinterest_static_image" showon="pinterest:1" class="btn-group" type="radio" label="MOD_RSSOCIAL_PINTEREST_STATIC_IMAGE" default="0" description="MOD_RSSOCIAL_PINTEREST_STATIC_IMAGE_DESC">
					<option value="1">JYES</option>
					<option value="0">JNO</option>
				</field>
				<field name="pinterest_image" showon="pinterest:1[AND]pinterest_static_image:1" type="text" label="MOD_RSSOCIAL_PINTEREST_IMAGE" description="MOD_RSSOCIAL_PINTEREST_IMAGE_DESC" />
				<field name="pinterest_static_description" showon="pinterest:1" class="btn-group" type="radio" label="MOD_RSSOCIAL_PINTEREST_STATIC_DESCRIPTION" default="0" description="MOD_RSSOCIAL_PINTEREST_STATIC_DESCRIPTION_DESC">
					<option value="1">JYES</option>
					<option value="0">JNO</option>
				</field>
				<field name="pinterest_description" showon="pinterest:1[AND]pinterest_static_description:1" type="text" label="MOD_RSSOCIAL_PINTEREST_DESCRIPTION" description="MOD_RSSOCIAL_PINTEREST_DESCRIPTION_DESC" />
			</fieldset>
			<fieldset name="soundcloud_settings" label="MOD_RSSOCIAL_SOUNDCLOUD">
				<field name="soundcloud" class="btn-group" type="radio" label="MOD_RSSOCIAL_ENABLED" default="1" description="MOD_RSSOCIAL_SOUNDCLOUD_DESC">
					<option value="1">JYES</option>
					<option value="0">JNO</option>
				</field>
				<field name="soundcloud_url" showon="soundcloud:1" type="text" label="MOD_RSSOCIAL_URL" description="MOD_RSSOCIAL_URL_DESC" />
			</fieldset>
			<fieldset name="tumblr_settings" label="MOD_RSSOCIAL_TUMBLR">
				<field name="tumblr" class="btn-group" type="radio" label="MOD_RSSOCIAL_ENABLED" default="1" description="MOD_RSSOCIAL_TUMBLR_DESC">
					<option value="1">JYES</option>
					<option value="0">JNO</option>
				</field>
				<field name="tumblr_url" showon="tumblr:1" type="text" label="MOD_RSSOCIAL_URL" description="MOD_RSSOCIAL_URL_DESC" />
				<field type="spacer" showon="tumblr:1" name="tumblr_share_settings" label="MOD_RSSOCIAL_TUMBLR_SETTINGS" />
				<field name="tumblr_style" showon="tumblr:1" type="list" default="2" label="MOD_RSSOCIAL_TUMBLR_STYLE" description="MOD_RSSOCIAL_TUMBLR_STYLE_DESC" >
				   <option value="1">MOD_RSSOCIAL_TUBMLR_STYLE1</option>
				   <option value="2">MOD_RSSOCIAL_TUBMLR_STYLE2</option>
				   <option value="3">MOD_RSSOCIAL_TUBMLR_STYLE3</option>
				   <option value="4">MOD_RSSOCIAL_TUBMLR_STYLE4</option>
				   <option value="5">MOD_RSSOCIAL_TUBMLR_STYLE5</option>
				   <option value="6">MOD_RSSOCIAL_TUBMLR_STYLE6</option>
				   <option value="7">MOD_RSSOCIAL_TUBMLR_STYLE7</option>
				   <option value="8">MOD_RSSOCIAL_TUBMLR_STYLE8</option>
				</field>				
			</fieldset>
			<fieldset name="flickr" label="MOD_RSSOCIAL_FLICKR">
				<field name="flickr" class="btn-group" type="radio" label="MOD_RSSOCIAL_ENABLED" default="1" description="MOD_RSSOCIAL_FLICKR_DESC">
					<option value="1">JYES</option>
					<option value="0">JNO</option>
				</field>
				<field name="flickr_url" showon="flickr:1" type="text" label="MOD_RSSOCIAL_URL" description="MOD_RSSOCIAL_URL_DESC" />
			</fieldset>
			<fieldset name="github_settings" label="MOD_RSSOCIAL_GITHUB">
				<field name="github" class="btn-group" type="radio" label="MOD_RSSOCIAL_ENABLED" default="1" description="MOD_RSSOCIAL_GITHUB_DESC">
					<option value="1">JYES</option>
					<option value="0">JNO</option>
				</field>
				<field name="github_url" showon="github:1" type="text" label="MOD_RSSOCIAL_URL" description="MOD_RSSOCIAL_URL_DESC" />
			</fieldset>
			<fieldset name="vimeo_settings" label="MOD_RSSOCIAL_VIMEO">
				<field name="vimeo" class="btn-group" type="radio" label="MOD_RSSOCIAL_ENABLED" default="1" description="MOD_RSSOCIAL_VIMEO_DESC">
					<option value="1">JYES</option>
					<option value="0">JNO</option>
				</field>
				<field name="vimeo_url" showon="vimeo:1" type="text" label="MOD_RSSOCIAL_URL" description="MOD_RSSOCIAL_URL_DESC" />
			</fieldset>
			<fieldset name="digg_settings" label="MOD_RSSOCIAL_DIGG">
				<field name="digg" class="btn-group" type="radio" label="MOD_RSSOCIAL_ENABLED" default="1" description="MOD_RSSOCIAL_DIGG_DESC">
					<option value="1">JYES</option>
					<option value="0">JNO</option>
				</field>
				<field name="digg_url" showon="digg:1" type="text" label="MOD_RSSOCIAL_URL" description="MOD_RSSOCIAL_URL_DESC" />
			</fieldset>
			<fieldset name="skype_settings" label="MOD_RSSOCIAL_SKYPE">
				<field name="skype" class="btn-group" type="radio" label="MOD_RSSOCIAL_ENABLED" default="1" description="MOD_RSSOCIAL_SKYPE_DESC">
					<option value="1">JYES</option>
					<option value="0">JNO</option>
				</field>
				<field name="skype_url" showon="skype:1" type="text" label="MOD_RSSOCIAL_URL" description="MOD_RSSOCIAL_URL_DESC" />
			</fieldset>
			<fieldset name="instagram_settings" label="MOD_RSSOCIAL_INSTAGRAM">
				<field name="instagram" class="btn-group" type="radio" label="MOD_RSSOCIAL_ENABLED" default="1" description="MOD_RSSOCIAL_INSTAGRAM_DESC">
					<option value="1">JYES</option>
					<option value="0">JNO</option>
				</field>
				<field name="instagram_url" showon="instagram:1" type="text" label="MOD_RSSOCIAL_URL" description="MOD_RSSOCIAL_URL_DESC" />
			</fieldset>
			<fieldset name="rss_settings" label="MOD_RSSOCIAL_RSS">
				<field name="rss" class="btn-group" type="radio" label="MOD_RSSOCIAL_ENABLED" default="1" description="MOD_RSSOCIAL_RSS_DESC">
					<option value="1">JYES</option>
					<option value="0">JNO</option>
				</field>
				<field name="rss_url" showon="rss:1" type="text" label="MOD_RSSOCIAL_URL" description="MOD_RSSOCIAL_URL_DESC" />
			</fieldset>
			<fieldset name="stumbleupon_settings" label="MOD_RSSOCIAL_STUMBLEUPON">
				<field name="stumbleupon" class="btn-group" type="radio" label="MOD_RSSOCIAL_ENABLED" default="1" description="MOD_RSSOCIAL_STUMBLEUPON_DESC">
					<option value="1">JYES</option>
					<option value="0">JNO</option>
				</field>
				<field name="stumbleupon_url" showon="stumbleupon:1" type="text" label="MOD_RSSOCIAL_URL" description="MOD_RSSOCIAL_URL_DESC" />
				<field type="spacer" showon="stumbleupon:1" name="stumbleupon_share_settings" label="MOD_RSSOCIAL_STUMBLEUPON_SETTINGS" />
				<field name="stumbleupon_style" showon="stumbleupon:1" type="list" default="1" label="MOD_RSSOCIAL_STUMBLEUPON_STYLE" description="MOD_RSSOCIAL_STUMBLEUPON_STYLE_DESC" >
				   <option value="1">MOD_RSSOCIAL_STUMBLEUPON_STYLE1</option>
				   <option value="2">MOD_RSSOCIAL_STUMBLEUPON_STYLE2</option>
				   <option value="3">MOD_RSSOCIAL_STUMBLEUPON_STYLE3</option>
				   <option value="4">MOD_RSSOCIAL_STUMBLEUPON_STYLE4</option>
				   <option value="5">MOD_RSSOCIAL_STUMBLEUPON_STYLE5</option>
				   <option value="6">MOD_RSSOCIAL_STUMBLEUPON_STYLE6</option>
				</field>								
			</fieldset>
			<fieldset name="reddit_settings" label="MOD_RSSOCIAL_REDDIT">
				<field name="reddit" class="btn-group" type="radio" label="MOD_RSSOCIAL_ENABLED" default="1" description="MOD_RSSOCIAL_REDDIT_DESC">
					<option value="1">JYES</option>
					<option value="0">JNO</option>
				</field>
				<field name="reddit_url" showon="reddit:1" type="text" label="MOD_RSSOCIAL_URL" description="MOD_RSSOCIAL_URL_DESC" />
				<field type="spacer" showon="reddit:1" name="reddit_share_settings" label="MOD_RSSOCIAL_REDDIT_SETTINGS" />
				<field name="reddit_style" showon="reddit:1" type="list" default="2" label="MOD_RSSOCIAL_REDDIT_STYLE" description="MOD_RSSOCIAL_REDDIT_STYLE_DESC" >
				   <option value="1">MOD_RSSOCIAL_REDDIT_STYLE1</option>
				   <option value="2">MOD_RSSOCIAL_REDDIT_STYLE2</option>
				   <option value="3">MOD_RSSOCIAL_REDDIT_STYLE3</option>
				   <option value="4">MOD_RSSOCIAL_REDDIT_STYLE4</option>
				</field>
			</fieldset>
			<fieldset name="mail_settings" label="MOD_RSSOCIAL_MAIL">
				<field name="mail" class="btn-group" type="radio" label="MOD_RSSOCIAL_ENABLED" default="1" description="MOD_RSSOCIAL_MAIL_DESC">
					<option value="1">JYES</option>
					<option value="0">JNO</option>
				</field>
				<field name="mail_url" showon="mail:1" type="email" label="MOD_RSSOCIAL_MAIL" description="MOD_RSSOCIAL_MAIL_URL_DESC" />
			</fieldset>
			<fieldset name="recommend_settings" label="MOD_RSSOCIAL_RECOMMEND">
				<field name="recommend" class="btn-group" type="radio" label="MOD_RSSOCIAL_ENABLED" default="1" description="MOD_RSSOCIAL_RECOMMEND_DESC">
					<option value="1">JYES</option>
					<option value="0">JNO</option>
				</field>
			</fieldset>
			<fieldset name="appearance" label="MOD_RSSOCIAL_APPEARANCE">
				<field name="mode" class="btn-group" type="radio" default="icons" label="MOD_RSSOCIAL_MODE" description="MOD_RSSOCIAL_MODE_DESC">
					<option value="icons">MOD_RSSOCIAL_ICONS</option>
					<option value="sharing">MOD_RSSOCIAL_SHARING</option>
				</field>
				<field name="icon_positioning" class="btn-group" type="radio" default="inline" label="MOD_RSSOCIAL_ICON_POSITIONING" description="MOD_RSSOCIAL_ICON_POSITIONING_DESC">
					<option value="inline">MOD_RSSOCIAL_INLINE</option>
					<option value="floating">MOD_RSSOCIAL_FLOATING</option>
				</field>				
				<field type="spacer" showon="mode:icons" name="icons_settings" label="MOD_RSSOCIAL_ICONS_SETTINGS" />
				<field name="icon_theme" showon="mode:icons" type="list" default="bg" label="MOD_RSSOCIAL_ICON_THEME" description="MOD_RSSOCIAL_ICON_THEME_DESC">
					<option value="nobg">MOD_RSSOCIAL_NO_BACKGROUND</option>
					<option value="bg">MOD_RSSOCIAL_STANDARD_BACKGROUND</option>
					<option value="circle">MOD_RSSOCIAL_CIRCLE_BACKGROUND</option>
				</field>				
				<field name="icon_effect" showon="mode:icons" type="list" default="push" label="MOD_RSSOCIAL_ICON_EFFECT" description="MOD_RSSOCIAL_ICON_EFFECT_DESC">
					<option value="noeffect">MOD_RSSOCIAL_NO_EFFECT</option>
					<option value="grow">MOD_RSSOCIAL_GROW</option>
					<option value="shrink">MOD_RSSOCIAL_SHRINK</option>
					<option value="pulse">MOD_RSSOCIAL_PULSE</option>
					<option value="pulse-grow">MOD_RSSOCIAL_PULSE_GROW</option>
					<option value="pulse-shrink">MOD_RSSOCIAL_PULSE_SHRINK</option>
					<option value="push">MOD_RSSOCIAL_PUSH</option>
					<option value="pop">MOD_RSSOCIAL_POP</option>
					<option value="rotate">MOD_RSSOCIAL_ROATATE</option>
					<option value="grow-rotate">MOD_RSSOCIAL_GROW_ROTATE</option>
					<option value="float">MOD_RSSOCIAL_FLOAT</option>
					<option value="sink">MOD_RSSOCIAL_SINK</option>
					<option value="skew">MOD_RSSOCIAL_SKEW</option>
					<option value="skew-forward">MOD_RSSOCIAL_SKEW_FORWARD</option>
					<option value="skew-backward">MOD_RSSOCIAL_SKEW_BACKWARD</option>
					<option value="wobble-vertical">MOD_RSSOCIAL_WOBBLE_VERTICAL</option>
					<option value="wobble-horizontal">MOD_RSSOCIAL_WOBBLE_HORIZONTAL</option>
					<option value="wobble-to-bottom-right">MOD_RSSOCIAL_WOBBLE_BOTTOM_RIGHT</option>
					<option value="wobble-to-top-right">MOD_RSSOCIAL_WOBBLE_TOP_RIGHT</option>
					<option value="wobble-top">MOD_RSSOCIAL_WOBBLE_TOP</option>
					<option value="wobble-bottom">MOD_RSSOCIAL_WOBBLE_BOTTOM</option>
					<option value="wobble-skew">MOD_RSSOCIAL_WOBBLE_SKEW</option>
					<option value="buzz">MOD_RSSOCIAL_BUZZ</option>
					<option value="buzz-out">MOD_RSSOCIAL_BUZZ_OUT</option>
					<option value="border-fade">MOD_RSSOCIAL_BORDER_FADE</option>
					<option value="hollow">MOD_RSSOCIAL_HOLLOW</option>
					<option value="trim">MOD_RSSOCIAL_TRIM</option>
					<option value="outline-outward">MOD_RSSOCIAL_OUTLINE_OUTWARD</option>
					<option value="outline-inward">MOD_RSSOCIAL_OUTLINE_INWARD</option>
					<option value="round-corners">MOD_RSSOCIAL_ROUND_CORNERS</option>
					<option value="glow">MOD_RSSOCIAL_GLOW</option>
					<option value="box-shadow-outset">MOD_RSSOCIAL_BOX_SHADOW_OUTSET</option>
					<option value="box-shadow-inset">MOD_RSSOCIAL_BOX_SHADOW_INSET</option>
					<option value="float-shadow">MOD_RSSOCIAL_FLOAT_SHADOW</option>
					<option value="hover-shadow">MOD_RSSOCIAL_HOVER_SHADOW</option>
					<option value="shadow-radial">MOD_RSSOCIAL_SHADOW_RADIAL</option>
				</field>
				<field name="icon_font_color" showon="mode:icons" type="color" default="#ffffff" label="MOD_RSSOCIAL_ICON_FONT_COLOR" description="MOD_RSSOCIAL_ICON_FONT_COLOR_DESC" />
				<field name="icon_background_color" showon="mode:icons" type="color" default="#000000" label="MOD_RSSOCIAL_ICON_BACKGROUND_COLOR" description="MOD_RSSOCIAL_ICON_BACKGROUND_COLOR_DESC" />
				<field name="icon_size" showon="mode:icons" type="text" default="24" label="MOD_RSSOCIAL_ICON_SIZE" description="MOD_RSSOCIAL_ICON_SIZE_DESC" />
				<field name="icon_transparency" showon="mode:icons" type="text" default="0.75" label="MOD_RSSOCIAL_ICON_TRANSPARENCY" description="MOD_RSSOCIAL_ICON_TRANSPARENCY_DESC" />
				<field name="icon_transparency_hover" showon="mode:icons" type="text" default="0.5" label="MOD_RSSOCIAL_ICON_TRANSPARENCY_HOVER" description="MOD_RSSOCIAL_ICON_TRANSPARENCY_HOVER_DESC" />
				<field name="caption" showon="mode:icons" class="btn-group" type="radio" default="0" label="MOD_RSSOCIAL_CAPTION" description="MOD_RSSOCIAL_CAPTION_DESC">
					<option value="1">JYES</option>
					<option value="0">JNO</option>
				</field>
				<field name="caption_font_color" showon="mode:icons[AND]caption:1" type="color" default="#ffffff" label="MOD_RSSOCIAL_CAPTION_FONT_COLOR" description="MOD_RSSOCIAL_CAPTION_FONT_COLOR_DESC" />
				<field name="caption_background_color" showon="mode:icons[AND]caption:1" type="color" default="#000000" label="MOD_RSSOCIAL_CAPTION_BACKGROUND_COLOR" description="MOD_RSSOCIAL_CAPTION_BACKGROUND_COLOR_DESC" />
				<field name="caption_size" type="text" showon="mode:icons[AND]caption:1" default="14" label="MOD_RSSOCIAL_CAPTION_SIZE" description="MOD_RSSOCIAL_CAPTION_SIZE_DESC" />
				<field name="caption_transparency" showon="mode:icons[AND]caption:1" type="text" default="0.75" label="MOD_RSSOCIAL_CAPTION_TRANSPARENCY" description="MOD_RSSOCIAL_CAPTION_TRANSPARENCY_DESC" />
				<field name="caption_transparency_hover" showon="mode:icons[AND]caption:1" type="text" default="0.5" label="MOD_RSSOCIAL_CAPTION_TRANSPARENCY_HOVER" description="MOD_RSSOCIAL_CAPTION_TRANSPARENCY_HOVER_DESC" />
				<field type="spacer" showon="icon_positioning:floating" name="floating_settings" label="MOD_RSSOCIAL_FLOATING_SETTINGS" />
				<field name="icon_float" showon="icon_positioning:floating" class="btn-group" type="radio" default="left" label="MOD_RSSOCIAL_ICON_FLOAT" description="MOD_RSSOCIAL_ICON_FLOAT_DESC">
					<option value="left">MOD_RSSOCIAL_LEFT</option>
					<option value="top">MOD_RSSOCIAL_TOP</option>
					<option value="bottom">MOD_RSSOCIAL_BOTTOM</option>
					<option value="right">MOD_RSSOCIAL_RIGHT</option>
				</field>
				<field name="icon_fixed" showon="icon_positioning:floating" class="btn-group" type="radio" default="0" label="MOD_RSSOCIAL_ICON_FIXED" description="MOD_RSSOCIAL_ICON_FIXED_DESC">
					<option value="1">JYES</option>
					<option value="0">JNO</option>
				</field>
				<field type="spacer" showon="icon_positioning:inline" name="inline_settings" label="MOD_RSSOCIAL_INLINE_SETTINGS" />
				<field name="icon_alignment" showon="icon_positioning:inline" class="btn-group" type="radio" default="center" label="MOD_RSSOCIAL_ICON_ALIGNMENT" description="MOD_RSSOCIAL_ICON_ALIGNMENT_DESC">
					<option value="left">MOD_RSSOCIAL_LEFT</option>
					<option value="center">MOD_RSSOCIAL_CENTER</option>
					<option value="right">MOD_RSSOCIAL_RIGHT</option>
				</field>				
			</fieldset>
			<fieldset name="advanced">
				<field	name="moduleclass_sfx" type="textarea" rows="3" label="COM_MODULES_FIELD_MODULECLASS_SFX_LABEL"	description="COM_MODULES_FIELD_MODULECLASS_SFX_DESC" />
			</fieldset>
		</fields>
    </config>
</extension>